{
  "Afghanistan": { "code": "AFN", "name": "Afghan Afghani" },
  "Albania": { "code": "ALL", "name": "Albanian Lek" },
  "Algeria": { "code": "DZD", "name": "Algerian Dinar" },
  "Angola": { "code": "AOA", "name": "Angolan Kwanza" },
  "Argentina": { "code": "ARS", "name": "Argentine Peso" },
  "Armenia": { "code": "AMD", "name": "Armenian Dram" },
  "Australia": { "code": "AUD", "name": "Australian Dollar" },
  "Austria": { "code": "EUR", "name": "Euro" },
  "Azerbaijan": { "code": "AZN", "name": "Azerbaijani Manat" },
  "Bahamas": { "code": "BSD", "name": "Bahamian Dollar" },
  "Bahrain": { "code": "BHD", "name": "Bahraini Dinar" },
  "Bangladesh": { "code": "BDT", "name": "Bangladeshi Taka" },
  "Barbados": { "code": "BBD", "name": "Barbadian Dollar" },
  "Belarus": { "code": "BYN", "name": "Belarusian Ruble" },
  "Belgium": { "code": "EUR", "name": "Euro" },
  "Bermuda": { "code": "BMD", "name": "Bermudian Dollar" },
  "Bolivia": { "code": "BOB", "name": "Bolivian Boliviano" },
  "Botswana": { "code": "BWP", "name": "Botswana Pula" },
  "Brazil": { "code": "BRL", "name": "Brazilian Real" },
  "British Virgin Islands": { "code": "USD", "name": "US Dollar" },
  "Brunei Darussalam": { "code": "BND", "name": "Brunei Dollar" },
  "Bulgaria": { "code": "BGN", "name": "Bulgarian Lev" },
  "Burkina Faso": { "code": "XOF", "name": "West African CFA Franc" },
  "Cambodia": { "code": "KHR", "name": "Cambodian Riel" },
  "Cameroon": { "code": "XAF", "name": "Central African CFA Franc" },
  "Canada": { "code": "CAD", "name": "Canadian Dollar" },
  "Cayman Island": { "code": "KYD", "name": "Cayman Islands Dollar" },
  "Chile": { "code": "CLP", "name": "Chilean Peso" },
  "China": { "code": "CNY", "name": "Chinese Yuan" },
  "Colombia": { "code": "COP", "name": "Colombian Peso" },
  "Congo: Democratic Republic of Congo": { "code": "CDF", "name": "Congolese Franc" },
  "Congo: Republic of Congo": { "code": "XAF", "name": "Central African CFA Franc" },
  "Costa Rica": { "code": "CRC", "name": "Costa Rican Colon" },
  "Cote D'Ivoire": { "code": "XOF", "name": "West African CFA Franc" },
  "Croatia": { "code": "EUR", "name": "Euro" },
  "Cuba": { "code": "CUP", "name": "Cuban Peso" },
  "Curacao": { "code": "ANG", "name": "Netherlands Antillean Guilder" },
  "Cyprus": { "code": "EUR", "name": "Euro" },
  "Czech Republic": { "code": "CZK", "name": "Czech Koruna" },
  "Denmark": { "code": "DKK", "name": "Danish Krone" },
  "Dominican Republic": { "code": "DOP", "name": "Dominican Peso" },
  "East Timor": { "code": "USD", "name": "US Dollar" },
  "Ecuador": { "code": "USD", "name": "US Dollar" },
  "Egypt": { "code": "EGP", "name": "Egyptian Pound" },
  "El Salvador": { "code": "USD", "name": "US Dollar" },
  "Eritrea": { "code": "ERN", "name": "Eritrean Nakfa" },
  "Estonia": { "code": "EUR", "name": "Euro" },
  "Ethiopia": { "code": "ETB", "name": "Ethiopian Birr" },
  "Fiji Islands": { "code": "FJD", "name": "Fijian Dollar" },
  "Finland": { "code": "EUR", "name": "Euro" },
  "France": { "code": "EUR", "name": "Euro" },
  "Gabon": { "code": "XAF", "name": "Central African CFA Franc" },
  "Georgia": { "code": "GEL", "name": "Georgian Lari" },
  "Germany": { "code": "EUR", "name": "Euro" },
  "Ghana": { "code": "GHS", "name": "Ghanaian Cedi" },
  "Great Britain": { "code": "GBP", "name": "British Pound Sterling" },
  "Greece": { "code": "EUR", "name": "Euro" },
  "Guam": { "code": "USD", "name": "US Dollar" },
  "Guatemala": { "code": "GTQ", "name": "Guatemalan Quetzal" },
  "Guinea, Africa": { "code": "GNF", "name": "Guinean Franc" },
  "Guyana": { "code": "GYD", "name": "Guyanese Dollar" },
  "Haiti": { "code": "HTG", "name": "Haitian Gourde" },
  "Honduras": { "code": "HNL", "name": "Honduran Lempira" },
  "Hong Kong": { "code": "HKD", "name": "Hong Kong Dollar" },
  "Hungary": { "code": "HUF", "name": "Hungarian Forint" },
  "India": { "code": "INR", "name": "Indian Rupee" },
  "Indonesia": { "code": "IDR", "name": "Indonesian Rupiah" },
  "Iran": { "code": "IRR", "name": "Iranian Rial" },
  "Iraq": { "code": "IQD", "name": "Iraqi Dinar" },
  "Israel": { "code": "ILS", "name": "Israeli New Shekel" },
  "Italy": { "code": "EUR", "name": "Euro" },
  "Jamaica": { "code": "JMD", "name": "Jamaican Dollar" },
  "Japan": { "code": "JPY", "name": "Japanese Yen" },
  "Jordan": { "code": "JOD", "name": "Jordanian Dinar" },
  "Kazakhstan": { "code": "KZT", "name": "Kazakhstani Tenge" },
  "Kenya": { "code": "KES", "name": "Kenyan Shilling" },
  "Korea": { "code": "KRW", "name": "South Korean Won" },
  "Kosovo": { "code": "EUR", "name": "Euro" },
  "Kuwait": { "code": "KWD", "name": "Kuwaiti Dinar" },
  "Kyrgyzstan": { "code": "KGS", "name": "Kyrgyzstani Som" },
  "Laos": { "code": "LAK", "name": "Lao Kip" },
  "Latvia": { "code": "EUR", "name": "Euro" },
  "Lebanon": { "code": "LBP", "name": "Lebanese Pound" },
  "Lesotho": { "code": "LSL", "name": "Lesotho Loti" },
  "Liberia": { "code": "LRD", "name": "Liberian Dollar" },
  "Libya": { "code": "LYD", "name": "Libyan Dinar" },
  "Lithuania": { "code": "EUR", "name": "Euro" },
  "Luxembourg": { "code": "EUR", "name": "Euro" },
  "Macau": { "code": "MOP", "name": "Macanese Pataca" },
  "Macedonia": { "code": "MKD", "name": "Macedonian Denar" },
  "Madagascar": { "code": "MGA", "name": "Malagasy Ariary" },
  "Malawi": { "code": "MWK", "name": "Malawian Kwacha" },
  "Malaysia": { "code": "MYR", "name": "Malaysian Ringgit" },
  "Maldives": { "code": "MVR", "name": "Maldivian Rufiyaa" },
  "Mali": { "code": "XOF", "name": "West African CFA Franc" },
  "Malta": { "code": "EUR", "name": "Euro" },
  "Marshall Islands": { "code": "USD", "name": "US Dollar" },
  "Mauritania": { "code": "MRU", "name": "Mauritanian Ouguiya" },
  "Mauritius": { "code": "MUR", "name": "Mauritian Rupee" },
  "Mexico": { "code": "MXN", "name": "Mexican Peso" },
  "Moldova": { "code": "MDL", "name": "Moldovan Leu" },
  "Monaco": { "code": "EUR", "name": "Euro" },
  "Mongolia": { "code": "MNT", "name": "Mongolian Tugrik" },
  "Montenegro": { "code": "EUR", "name": "Euro" },
  "Morocco": { "code": "MAD", "name": "Moroccan Dirham" },
  "Mozambique": { "code": "MZN", "name": "Mozambican Metical" },
  "Myanmar": { "code": "MMK", "name": "Myanmar Kyat" },
  "Namibia": { "code": "NAD", "name": "Namibian Dollar" },
  "Nepal": { "code": "NPR", "name": "Nepalese Rupee" },
  "Netherlands": { "code": "EUR", "name": "Euro" },
  "New Zealand": { "code": "NZD", "name": "New Zealand Dollar" },
  "Nicaragua": { "code": "NIO", "name": "Nicaraguan Cordoba" },
  "Niger": { "code": "XOF", "name": "West African CFA Franc" },
  "Nigeria": { "code": "NGN", "name": "Nigerian Naira" },
  "Northern Mariana Islands": { "code": "USD", "name": "US Dollar" },
  "Norway": { "code": "NOK", "name": "Norwegian Krone" },
  "Oman": { "code": "OMR", "name": "Omani Rial" },
  "Pakistan": { "code": "PKR", "name": "Pakistani Rupee" },
  "Palestine": { "code": "ILS", "name": "Israeli New Shekel" },
  "Panama": { "code": "PAB", "name": "Panamanian Balboa" },
  "Papua New Guinea": { "code": "PGK", "name": "Papua New Guinean Kina" },
  "Paraguay": { "code": "PYG", "name": "Paraguayan Guarani" },
  "Peru": { "code": "PEN", "name": "Peruvian Sol" },
  "Philippines": { "code": "PHP", "name": "Philippine Peso" },
  "Poland": { "code": "PLN", "name": "Polish Zloty" },
  "Portugal": { "code": "EUR", "name": "Euro" },
  "Puerto Rico": { "code": "USD", "name": "US Dollar" },
  "Qatar": { "code": "QAR", "name": "Qatari Riyal" },
  "Romania": { "code": "RON", "name": "Romanian Leu" },
  "Russia": { "code": "RUB", "name": "Russian Ruble" },
  "Rwanda": { "code": "RWF", "name": "Rwandan Franc" },
  "Saint Martin": { "code": "EUR", "name": "Euro" },
  "Saudi Arabia": { "code": "SAR", "name": "Saudi Riyal" },
  "Senegal": { "code": "XOF", "name": "West African CFA Franc" },
  "Serbia": { "code": "RSD", "name": "Serbian Dinar" },
  "Seychelles": { "code": "SCR", "name": "Seychellois Rupee" },
  "Sierra Leone": { "code": "SLE", "name": "Sierra Leonean Leone" },
  "Singapore": { "code": "SGD", "name": "Singapore Dollar" },
  "Slovakia": { "code": "EUR", "name": "Euro" },
  "Slovenia": { "code": "EUR", "name": "Euro" },
  "Somalia": { "code": "SOS", "name": "Somali Shilling" },
  "South Africa": { "code": "ZAR", "name": "South African Rand" },
  "Spain": { "code": "EUR", "name": "Euro" },
  "Sri Lanka": { "code": "LKR", "name": "Sri Lankan Rupee" },
  "Sudan": { "code": "SDG", "name": "Sudanese Pound" },
  "Sweden": { "code": "SEK", "name": "Swedish Krona" },
  "Switzerland": { "code": "CHF", "name": "Swiss Franc" },
  "Syria": { "code": "SYP", "name": "Syrian Pound" },
  "Taiwan": { "code": "TWD", "name": "New Taiwan Dollar" },
  "Tanzania": { "code": "TZS", "name": "Tanzanian Shilling" },
  "Thailand": { "code": "THB", "name": "Thai Baht" },
  "Togo": { "code": "XOF", "name": "West African CFA Franc" },
  "Trinidad & Tobago": { "code": "TTD", "name": "Trinidad and Tobago Dollar" },
  "Tunisia": { "code": "TND", "name": "Tunisian Dinar" },
  "Turkey": { "code": "TRY", "name": "Turkish Lira" },
  "Turkmenistan": { "code": "TMT", "name": "Turkmenistani Manat" },
  "US Virgin Islands": { "code": "USD", "name": "US Dollar" },
  "Uganda": { "code": "UGX", "name": "Ugandan Shilling" },
  "Ukraine": { "code": "UAH", "name": "Ukrainian Hryvnia" },
  "United Arab Emirates": { "code": "AED", "name": "UAE Dirham" },
  "United States": { "code": "USD", "name": "US Dollar" },
  "Uruguay": { "code": "UYU", "name": "Uruguayan Peso" },
  "Uzbekistan": { "code": "UZS", "name": "Uzbekistani Som" },
  "Venezuela": { "code": "VES", "name": "Venezuelan Bolivar" },
  "Vietnam": { "code": "VND", "name": "Vietnamese Dong" },
  "West Indies": { "code": "XCD", "name": "East Caribbean Dollar" },
  "Yemen": { "code": "YER", "name": "Yemeni Rial" },
  "Zambia": { "code": "ZMW", "name": "Zambian Kwacha" },
  "Zimbabwe": { "code": "ZWL", "name": "Zimbabwean Dollar" }
}
